<?xml version='1.0' encoding='UTF-8'?>  
<!DOCTYPE Plugin PUBLIC "sailpoint.dtd" "sailpoint.dtd">  
<Plugin certificationLevel="None" displayName="Bulk Approval Plugin" minSystemVersion="7.1" name="BulkApprovalPlugin" version="1.0" rightRequired="">  
  <Attributes>  
    <Map>  
      <entry key="minUpgradableVersion" value="1.0" />  
      <entry key="fullPage">  
        <value>
          <FullPage title="Bulk Approval Plugin" />
        </value>  
      </entry>
	  <entry key="restResources">
        <value>
          <List>
            <String>sailpoint.rest.RESTPlugin</String>
          </List>
        </value>
      </entry>
	  <entry key="snippets">  
        <value>  
          <List>  
            <Snippet regexPattern=".*workItems.jsf" rightRequired="">  
        <Scripts>  
					<String>ui/js/overlayTable.js</String>  
				</Scripts>
        <Scripts>  
					<String>ui/js/service.js</String>  
				</Scripts>
        <Scripts>  
					<String>ui/js/table.js</String>  
				</Scripts>
        <Scripts>  
					<String>ui/js/commonComment.js</String>  
				</Scripts>
        <Scripts>  
					<String>ui/js/util.js</String>  
				</Scripts>
				<StyleSheets>
					<String>ui/css/style.css</String>					  
				</StyleSheets>			  
            </Snippet>
			<Snippet regexPattern=".*home.jsf" rightRequired="">  
				<Scripts>  
					<String>ui/js/homePageBulk.js</String>  
				</Scripts>
        <Scripts>  
					<String>ui/js/service.js</String>  
				</Scripts>
        <Scripts>  
					<String>ui/js/table.js</String>  
				</Scripts>
        <Scripts>  
					<String>ui/js/commonComment.js</String>  
				</Scripts>
        <Scripts>  
					<String>ui/js/util.js</String>  
				</Scripts>
				<StyleSheets>
					<String>ui/css/style.css</String>					  
				</StyleSheets>			  
            </Snippet>
          </List>  
        </value>  
      </entry> 	  
     </Map>  
  </Attributes>  
</Plugin>  