<?xml version='1.0' encoding='UTF-8'?>
<!DOCTYPE Custom PUBLIC "sailpoint.dtd" "sailpoint.dtd">
<Custom created="1559282634175" id="8a752add6b07d5fb016b0c7ccdbf0270" modified="1559912516478" name="BulkConfig">
  <Attributes>
    <Map>
      <entry key="exclude">
        <value>
          <Map>
            <entry key="application" value="Target JDBC"/>
            <entry key="entitlement"/>
          </Map>
        </value>
      </entry>
      <entry key="include">
        <value>
          <Map>
            <entry key="application" value="IIQ"/>
            <entry key="entitlement" />
          </Map>
        </value>
      </entry>
    </Map>
  </Attributes>
</Custom>
